interest_id,category,mobi_feature,travelogue_feature,mobi_sub_feature,travelogue_mobi_sub_feature,source
1258489123,ACCOMMODATION,Star Rating,On_a_Budget,1.5 star hotel,,Places
890442893,ACCOMMODATION,Star Rating,On_a_Budget,1 star hotel,,Places
1935875005,ACCOMMODATION,Star Rating,On_a_Budget,2.5 star hotel,,Places
954280751,ACCOMMODATION,Star Rating,On_a_Budget,2 star hotel,,Places
1651260061,ACCOMMODATION,Star Rating,On_a_Budget,3.5 star hotel,,Places
1037388225,ACCOMMODATION,Star Rating,On_a_Budget,3 star hotel,,Places
1699305779,ACCOMMODATION,Star Rating,Luxury,4.5 star hotel,,Places
734292137,ACCOMMODATION,Star Rating,Luxury,4 star hotel,,Places
43916960,ACCOMMODATION,Star Rating,Luxury,5 star hotel,,Places
2110934202,ACCOMMODATION,Accommodation Type,Family_Friendly,Agritourism,,Places
874339373,ACCOMMODATION,Accommodation Type,Nature,Agritourism,,Places
1902601024,ACCOMMODATION,Accommodation Type,On_a_Budget,Agritourism,,Places
911372972,ACCOMMODATION,Amenity,Relaxing,Air conditioning,,Places
1010835676,ACCOMMODATION,Accommodation Type,Luxury,All-Inclusive,,Places
2032087072,ACCOMMODATION,,Outdoors,Amenity,,Places
1992324530,ACCOMMODATION,Accommodation Type,Luxury,Apart-Hotel,,Places
1497040065,ACCOMMODATION,Accommodation Type,On_a_Budget,Apartment,,Places
503193152,ACCOMMODATION,Amenity,Outdoors,Balcony,,Places
921392114,ACCOMMODATION,Amenity,Nightlife,Bars,,Places
1008235100,ACCOMMODATION,Amenity,Water,Bathtub,,Places
1627142080,ACCOMMODATION,Accommodation Type,On_a_Budget,Bed & Breakfast,,Places
950954025,ACCOMMODATION,,Shopping,Brand,,Places
1174699963,ACCOMMODATION,Amenity,Food_and_Drink,Breakfast available,,Places
1965116518,ACCOMMODATION,Accommodation Type,Woodsy,Cabin,,Places
969699948,ACCOMMODATION,Accommodation Type,Outdoors,Caravan Park,,Places
190797323,ACCOMMODATION,Accommodation Type,History_and_Culture,Castle,,Places
553061364,ACCOMMODATION,Accommodation Type,Luxury,Chalet,,Places
1480938262,ACCOMMODATION,Accommodation Type,Luxury,Condo,,Places
2110546658,ACCOMMODATION,Accommodation Type,Luxury,Condominium Resort,,Places
1641959321,ACCOMMODATION,Amenity,Food_and_Drink,Oven,,Places
580541675,ACCOMMODATION,Amenity,Luxury,Pillow menu,,Places
568421682,ACCOMMODATION,Amenity,Luxury,Premium bedding,,Places
793017729,ACCOMMODATION,Amenity,Wellness,Shower,,Places
1702560284,ACCOMMODATION,Amenity,Shopping,Slippers,,Places
936514351,ACCOMMODATION,Amenity,Food_and_Drink,Snack bar/deli,,Places
555426750,ACCOMMODATION,Amenity,Food_and_Drink,Stovetop,,Places
445657106,ACCOMMODATION,Amenity,On_a_Budget,Wifi in all rooms,,Places
5247133,ACCOMMODATION,Accommodation Type,Woodsy,Cottage,,Places
559095919,ACCOMMODATION,Accommodation Type,History_and_Culture,Country House,,Places
1833195099,ACCOMMODATION,Accommodation Type,Water,Cruise,,Places
1896957986,ACCOMMODATION,Amenity,Wellness,Fitness center,,Places
871383812,ACCOMMODATION,Amenity,On_a_Budget,Free Wifi in all rooms,Free Wifi,Places
57299505,ACCOMMODATION,Amenity,On_a_Budget,Free Wifi in public areas,Free Wifi,Places
1093405626,ACCOMMODATION,Accommodation Type,On_a_Budget,Guest House,,Places
142488441,ACCOMMODATION,Accommodation Type,Parks,Holiday Park,,Places
509542423,ACCOMMODATION,Accommodation Type,On_a_Budget,Hostel / Backpacker Accommodation,,Places
1923553092,ACCOMMODATION,Accommodation Type,On_a_Budget,Hostel (Budget Hotel),,Places
1569138673,ACCOMMODATION,Accommodation Type,Luxury,Hotel Resort,,Places
1558336969,ACCOMMODATION,Accommodation Type,Water,House Boat,,Places
1989436543,ACCOMMODATION,Amenity,Wellness,Hypo-allergenic bedding,,Places
791706589,ACCOMMODATION,Amenity,Water,Indoor pool,,Places
1723927146,ACCOMMODATION,Accommodation Type,History_and_Culture,Inn,,Places
2001607418,ACCOMMODATION,Amenity,On_a_Budget,Internet access in all rooms,Internet Access,Places
662590163,ACCOMMODATION,Amenity,Food_and_Drink,Kitchenette,,Places
550647365,ACCOMMODATION,Accommodation Type,Outdoors,Lodge,,Places
417688383,ACCOMMODATION,Amenity,Wellness,Massage & Spa,,Places
1573543896,ACCOMMODATION,Accommodation Type,History_and_Culture,Palace,,Places
846532049,ACCOMMODATION,Accommodation Type,On_a_Budget,Pension,,Places
158664474,ACCOMMODATION,Amenity,Water,Pool,,Places
889198498,ACCOMMODATION,Accommodation Type,Luxury,Pousada (Brazil),,Places
620242481,ACCOMMODATION,Accommodation Type,History_and_Culture,Pousada (Portugal),,Places
2079933864,ACCOMMODATION,Accommodation Type,Luxury,Private Vacation Home,,Places
561015698,ACCOMMODATION,Accommodation Type,Outdoors,Ranch,,Places
243734927,ACCOMMODATION,Accommodation Type,History_and_Culture,Residence,,Places
971909150,ACCOMMODATION,Amenity,Food_and_Drink,Restaurants,,Places
1487091953,ACCOMMODATION,Accommodation Type,Luxury,Riad,,Places
61551611,ACCOMMODATION,Amenity,Luxury,Room service,,Places
51466385,ACCOMMODATION,Accommodation Type,Wellness,Ryokan,,Places
1789134510,ACCOMMODATION,Accommodation Type,Adventure,Safari_Tentalow,,Places
688002562,ACCOMMODATION,Accommodation Type,Nature,Safari_Tentalow,,Places
339421042,ACCOMMODATION,Accommodation Type,Outdoors,Safari_Tentalow,,Places
656946340,ACCOMMODATION,Amenity,Family_Friendly,Safe,,Places
1253134303,ACCOMMODATION,Amenity,On_a_Budget,Sofa bed,,Places
516899008,ACCOMMODATION,Amenity,Outdoors,Terrace,,Places
1082000988,ACCOMMODATION,Accommodation Type,Luxury,TownHouse,,Places
1596474842,ACCOMMODATION,Accommodation Type,Nature,Tree House,,Places
1784164001,ACCOMMODATION,Accommodation Type,Luxury,Villa,,Places
113124397,ACCOMMODATION,Amenity,Family_Friendly,Wheelchair accessible,,Places
887633343,ACCOMMODATION,Amenity,On_a_Budget,Wifi in public areas,,Places
603020477,ACCOMMODATION,Amenity,On_a_Budget,Wired internet in all rooms,,Places
326975616,ACCOMMODATION,Amenity,Food_and_Drink,BBQ grill,,Places
1505907188,ACCOMMODATION,Amenity,Luxury,Blackout drapes/curtains,,Places
1599891032,ACCOMMODATION,Amenity,Food_and_Drink,Coffee/tea maker,,Places
1423079046,ACCOMMODATION,Amenity,Artsy,Desk,,Places
2077493237,ACCOMMODATION,Amenity,On_a_Budget,Dishwasher,,Places
1866929251,ACCOMMODATION,Amenity,Luxury,Down comforter,,Places
1462969564,ACCOMMODATION,Amenity,Food_and_Drink,Electric kettle,,Places
1635267849,ACCOMMODATION,Amenity,Luxury,Flat-screen TV,,Places
420952703,ACCOMMODATION,Amenity,Food_and_Drink,Free coffee/tea bags,,Places
50744046,ACCOMMODATION,Amenity,Nature,Garden,,Places
83570770,DINING,Category,Nightlife,Bar,,Types
1762796715,ACCOMMODATION,,On_a_Budget,Free internet access in all rooms,,Places
1201223067,ACCOMMODATION,,On_a_Budget,Free internet access in public areas,,Places
789264909,ACCOMMODATION,,On_a_Budget,Motel,,Places
1670929391,ACCOMMODATION,,Luxury,Separate living room,,Places
1684105245,ACCOMMODATION,,Luxury,Star Rating,,Places
1638693003,ACCOMMODATION,,Tours,Visitor Centers,,Places
342973185,ACCOMMODATION,Amenity,Luxury,Hair dryer,,Places
1528326251,ACCOMMODATION,Amenity,Wellness,Heating,,Places
1302100216,ACCOMMODATION,Accommodation Type,Luxury,Hotel,,Places
697043210,ACCOMMODATION,Amenity,On_a_Budget,Iron/ironing board,,Places
650254741,ACCOMMODATION,Amenity,Food_and_Drink,Kitchen,,Places
1878208231,ACCOMMODATION,Amenity,On_a_Budget,Laundry,,Places
1843281716,ACCOMMODATION,Amenity,Food_and_Drink,Microwave,,Places
1915423226,TRANSPORTATION,,Outdoors,Parking & Shuttle,,Types
1730312198,EXPERIENCE,Outdoor Activities,Adventure,"4WD, ATV & Off-Road Tours",,Types
1281036084,EXPERIENCE,Tours,Adventure,"4WD, ATV & Off-Road Tours",,Types
2070228501,EXPERIENCE,,Activities,Activities,,Types
97860938,EXPERIENCE,Tours,Adventure,Adrenaline & Extreme Tours,,Types
1034748478,EXPERIENCE,Shopping,Shopping,Airport Shops,,Types
1288966473,EXPERIENCE,Tours,Tours,Air Tours,,Types
27477877,EXPERIENCE,Activities,Fun_and_Games,Amusement park,,Types
1104369350,EXPERIENCE,Sights & Landmarks,History_and_Culture,Ancient Ruins,,Types
87844390,EXPERIENCE,Shopping,Shopping,Antique Stores,,Types
156111955,EXPERIENCE,Zoos & Aquariums,Museums,Aquariums,,Types
2108496809,EXPERIENCE,Spas & Wellness,Wellness,Arab Baths,,Types
1007168249,EXPERIENCE,Tours,History_and_Culture,Archaeology Tours,,Types
2138323535,EXPERIENCE,Sights & Landmarks,History_and_Culture,Architectural Buildings,,Types
1071597985,EXPERIENCE,Nature & Parks,Outdoors,Arenas & Stadiums,,Types
1148213453,EXPERIENCE,Shopping,Artsy,Art Galleries,,Types
757164155,EXPERIENCE,Museums,Artsy,Art Museums,,Types
1923907557,EXPERIENCE,Tours,Tours,Art & Music Tours,,Types
583405268,EXPERIENCE,Sights & Landmarks,Action Packed,Auto Race Tracks,,Types
1159409140,EXPERIENCE,Outdoor Activities,Adventure,Balloon Rides,,Types
188890406,EXPERIENCE,Nightlife,Tours,"Bar, Club & Pub Tours",,Types
1445416010,EXPERIENCE,Tours,Tours,"Bar, Club & Pub Tours",,Types
2128503584,EXPERIENCE,Nightlife,Nightlife,Bars & Clubs,,Types
741867983,EXPERIENCE,Sights & Landmarks,History_and_Culture,Battlefields,,Types
1124995454,EXPERIENCE,Outdoor Activities,Beaches,Beaches,,Types
1000546477,EXPERIENCE,Outdoor Activities,Beaches,Beach & Pool Clubs,,Types
990201716,EXPERIENCE,Tours,Food_and_Drink,Beer Tastings & Tours,,Types
1979930297,EXPERIENCE,Tours,Tours,Bike Tours,,Types
652043718,EXPERIENCE,Activities,Outdoors,Biking,,Types
1957328214,EXPERIENCE,Outdoor Activities,Outdoors,Biking Trails,,Types
1017386816,EXPERIENCE,Fun_and_Games,Luxury,Wedding Chapels,,Types
514917536,EXPERIENCE,Nightlife,Nightlife,Blues Clubs & Bars,,Types
793056309,EXPERIENCE,Outdoor Activities,Water,Boat Rentals,,Types
1864571739,EXPERIENCE,Tours,Tours,Boat Tours,,Types
781265578,EXPERIENCE,,Tours,Boat Tours & Water Sports,,Types
2125216317,EXPERIENCE,,Water,Boat Tours & Water Sports,,Types
757221711,EXPERIENCE,Nature & Parks,Water,Bodies of Water,,Types
1834113183,EXPERIENCE,Fun_and_Games,Fun_and_Games,Bowling Alleys,,Types
409145042,EXPERIENCE,Food_and_Drink,Food_and_Drink,Breweries,,Types
1597251104,EXPERIENCE,Sights & Landmarks,Scenic,Bridges,,Types
1759915444,EXPERIENCE,Tours,Tours,Bus Tours,,Types
1483226312,EXPERIENCE,Transportation,Tours,Bus Transportation,,Types
69489618,EXPERIENCE,Tours,Adventure,Canyoning & Rappelling Tours,,Types
1286300482,EXPERIENCE,Nature & Parks,Nature,Canyons,,Types
680788441,EXPERIENCE,Casinos & Gambling,Fun_and_Games,Casinos,,Types
2125140303,EXPERIENCE,Casinos & Gambling,Nightlife,Casinos,,Types
920395903,EXPERIENCE,Fun_and_Games,Fun_and_Games,Casinos,,Types
1832007649,EXPERIENCE,Fun_and_Games,Nightlife,Casinos,,Types
857425756,EXPERIENCE,,Nightlife,Casinos & Gambling,,Types
692348389,EXPERIENCE,Sights & Landmarks,History_and_Culture,Castles,,Types
2123199830,EXPERIENCE,Nature & Parks,Nature,Caverns & Caves,,Types
1860306119,EXPERIENCE,Sights & Landmarks,History_and_Culture,Cemeteries,,Types
2042567529,EXPERIENCE,Fun_and_Games,Fun_and_Games,Character Experiences,,Types
816917211,EXPERIENCE,Museums,Museums,Children's Museums,,Types
493762962,EXPERIENCE,Sights & Landmarks,History_and_Culture,Churches & Cathedrals,,Types
984435041,EXPERIENCE,Nightlife,Nightlife,Cigar Bars,,Types
1941133519,EXPERIENCE,Tours,Tours,City Tours,,Types
1514499999,EXPERIENCE,Sights & Landmarks,History_and_Culture,Civic Centers,,Types
1702199149,EXPERIENCE,,Activities,Classes & Workshops,,Types
1768689394,EXPERIENCE,Tours,Adventure,Climbing Tours,,Types
2122784128,EXPERIENCE,Nightlife,Food_and_Drink,Coffeehouses,,Types
267857172,EXPERIENCE,Tours,Food_and_Drink,Coffee & Tea Tours,,Types
779107560,EXPERIENCE,Nightlife,Fun_and_Games,Comedy Clubs,,Types
140788614,EXPERIENCE,,Fun_and_Games,Concerts & Shows,,Types
254964346,EXPERIENCE,Classes & Workshops,Food_and_Drink,Cooking Classes,,Types
1895629067,EXPERIENCE,Food_and_Drink,Food_and_Drink,Cooking Classes,,Types
253310783,EXPERIENCE,Nightlife,Nightlife,Country & Western Bars,,Types
1142376109,EXPERIENCE,Outdoor Activities,Outdoors,Cross-country Ski Areas,,Types
2001626379,EXPERIENCE,Tours,Tours,Cultural Tours,,Types
7697585,EXPERIENCE,Nature & Parks,Nature,Dams,,Types
862651425,EXPERIENCE,Nature & Parks,Scenic,Dams,,Types
2135100180,EXPERIENCE,Nightlife,Nightlife,Dance Clubs & Discos,,Types
151460536,EXPERIENCE,Activities,Nightlife,Dancing,,Types
1111501349,EXPERIENCE,Tours,Tours,Day Trips,,Types
993081618,EXPERIENCE,Shopping,Shopping,Department Stores,,Types
1940932738,EXPERIENCE,Nature & Parks,Nature,Deserts,,Types
110123069,EXPERIENCE,Food_and_Drink,Food_and_Drink,Distilleries,,Types
846819304,EXPERIENCE,Tours,Tours,Distillery Tours,,Types
730037916,EXPERIENCE,Casinos & Gambling,Fun_and_Games,Dog Tracks,,Types
1017122318,EXPERIENCE,Fun_and_Games,Fun_and_Games,Dog Tracks,,Types
1817320866,EXPERIENCE,Tours,Nature,Dolphin & Whale Watching,,Types
849685644,EXPERIENCE,Tours,Tours,Duck Tours,,Types
1665350680,EXPERIENCE,Tours,Outdoors,E-bikes,,Types
451756964,EXPERIENCE,Tours,Tours,Eco Tours,,Types
987976566,EXPERIENCE,Sights & Landmarks,History_and_Culture,Educational sites,,Types
701391366,EXPERIENCE,Outdoor Activities,Outdoors,Equestrian Trails,,Types
1107521962,EXPERIENCE,Activities,Fun_and_Games,Escape room,Escape the Room,Types
1173291385,EXPERIENCE,,Artsy,Events,,Types
976424971,EXPERIENCE,,Family_Friendly,Events,,Types
2018977681,EXPERIENCE,,Nightlife,Events,,Types
432289633,EXPERIENCE,Shopping,Shopping,Factory Outlets,,Types
1308641023,EXPERIENCE,Tours,Tours,Factory Tours,,Types
1055937929,EXPERIENCE,Shopping,Food_and_Drink,Farmers Markets,,Types
1500734813,EXPERIENCE,Sights & Landmarks,Nature,Farms,,Types
167867635,EXPERIENCE,Shopping,Artsy,Fashion Shows & Tours,,Types
1860336517,EXPERIENCE,Shopping,Shopping,Fashion Shows & Tours,,Types
1696860949,EXPERIENCE,Transportation,Water,Ferries,,Types
1274485272,EXPERIENCE,Activities,Fun_and_Games,Fireworks,,Types
825043588,EXPERIENCE,Activities,Outdoors,Fishing,,Types
2129541617,EXPERIENCE,Boat Tours & Water Sports,Tours,Fishing Charters & Tours,,Types
2135644298,EXPERIENCE,Shopping,Shopping,Flea & Street Markets,,Types
808415225,EXPERIENCE,,Food_and_Drink,Food_and_Drink,,Types
906853932,EXPERIENCE,Activities,Food_and_Drink,Food_and_Drinks,,Types
423825055,EXPERIENCE,Activities,Food_and_Drink,Food & tasting,,Types
258612494,EXPERIENCE,Tours,Tours,Food Tours,,Types
1193225277,EXPERIENCE,Nature & Parks,Nature,Forests,,Types
1122319528,EXPERIENCE,Sights & Landmarks,Water,Fountains,,Types
2071814822,EXPERIENCE,,Fun_and_Games,Fun_and_Games,,Types
1957327126,EXPERIENCE,Fun_and_Games,Fun_and_Games,Game & Entertainment Centers,,Types
1134166409,EXPERIENCE,Nature & Parks,Nature,Gardens,,Types
392695973,EXPERIENCE,Outdoor Activities,Outdoors,Gear Rentals,,Types
221062963,EXPERIENCE,Nature & Parks,Nature,Geologic Formations,,Types
13973405,EXPERIENCE,Sights & Landmarks,History_and_Culture,Ghost Towns,,Types
1347765933,EXPERIENCE,Tours,Tours,Ghost & Vampire Tours,,Types
1089885503,EXPERIENCE,Shopping,Shopping,Gift & Specialty Shops,,Types
1129342349,EXPERIENCE,Outdoor Activities,Outdoors,Golf Courses,,Types
211645649,EXPERIENCE,Boat Tours & Water Sports,Water,Gondola Cruises,,Types
2022472483,EXPERIENCE,Sights & Landmarks,History_and_Culture,Government Buildings,,Types
313006792,EXPERIENCE,Spas & Wellness,Wellness,Hammams & Turkish Baths,,Types
362031396,EXPERIENCE,Spas & Wellness,Wellness,Health/Fitness Clubs & Gyms,,Types
10500528,EXPERIENCE,Tours,Tours,Helicopter Tours,,Types
1360611526,EXPERIENCE,Activities,Outdoors,Hiking,,Types
1212374874,EXPERIENCE,Tours,Outdoors,Hiking & Camping Tours,,Types
1332244394,EXPERIENCE,Outdoor Activities,Outdoors,Hiking Trails,,Types
264470268,EXPERIENCE,Tours,History_and_Culture,Historical & Heritage Tours,,Types
1498418545,EXPERIENCE,Sights & Landmarks,History_and_Culture,Historic Sites,,Types
1724390815,EXPERIENCE,Sights & Landmarks,History_and_Culture,Historic Walking Areas,,Types
1505569806,EXPERIENCE,Museums,History_and_Culture,History Museums,,Types
16794604,EXPERIENCE,Tours,Tours,Hop-On Hop-Off Tours,,Types
224350736,EXPERIENCE,Tours,Adventure,Horseback Riding Tours,,Types
1389060421,EXPERIENCE,Tours,Tours,Horse-Drawn Carriage Tours,,Types
1034318326,EXPERIENCE,Fun_and_Games,Activities,Horse Tracks,,Types
1406875235,EXPERIENCE,Activities,Wellness,Hot spring,,Types
696075610,EXPERIENCE,Outdoor Activities,Nature,Hot Springs & Geysers,,Types
585853776,EXPERIENCE,Activities,Activities,Ice skating,,Types
350628292,EXPERIENCE,Nature & Parks,Nature,Islands,,Types
617691216,EXPERIENCE,Nightlife,Nightlife,Jazz Clubs & Bars,,Types
911296740,EXPERIENCE,Activities,Outdoors,Jogging,,Types
703946550,EXPERIENCE,Outdoor Activities,Outdoors,Jogging Paths & Tracks,,Types
1649241690,EXPERIENCE,Activities,Fun_and_Games,Karaoke,,Types
1878884066,EXPERIENCE,Activities,Nightlife,Karaoke,,Types
359009587,EXPERIENCE,Nightlife,Nightlife,Karaoke Bars,,Types
1249320013,EXPERIENCE,Outdoor Activities,Action Packed,Kayaking & Canoeing,,Types
1416244447,EXPERIENCE,Outdoor Activities,Adventure,Kayaking & Canoeing,,Types
1618752303,EXPERIENCE,Outdoor Activities,Outdoors,Kayaking & Canoeing,,Types
1969308605,EXPERIENCE,Outdoor Activities,Water,Kayaking & Canoeing,,Types
553017635,EXPERIENCE,Activities,Fun_and_Games,Lazer shooting game,Laser Games,Types
1021276617,EXPERIENCE,Classes & Workshops,Activities,Lessons & Workshops,,Types
222888121,EXPERIENCE,Sights & Landmarks,Scenic,Lighthouses,,Types
52500263,EXPERIENCE,Tours,Artsy,Literary,,Types
525936592,EXPERIENCE,Tours,Tours,"Literary, Art & Music Tours",,Types
1293894955,EXPERIENCE,Sights & Landmarks,Scenic,Lookouts,,Types
1723553242,EXPERIENCE,Nature & Parks,Water,Marinas,,Types
1815503949,EXPERIENCE,Activities,Wellness,Massage & spa,,Types
881228780,EXPERIENCE,Transportation,Tours,Mass Transportation Systems,,Types
1672940126,EXPERIENCE,Sights & Landmarks,History_and_Culture,Military Bases & Facilities,,Types
1844058826,EXPERIENCE,Museums,History_and_Culture,Military Museums,,Types
624568828,EXPERIENCE,Sights & Landmarks,History_and_Culture,Mines,,Types
758134864,EXPERIENCE,Fun_and_Games,Fun_and_Games,Mini Golf,,Types
614746308,EXPERIENCE,Sights & Landmarks,History_and_Culture,Missions,,Types
1389191158,EXPERIENCE,Sights & Landmarks,History_and_Culture,Monuments & Statues,,Types
1863806582,EXPERIENCE,Tours,Tours,Motorcycle Tours,,Types
1840283330,EXPERIENCE,Outdoor Activities,Outdoors,Motorcycle Trails,,Types
392695123,EXPERIENCE,Nature & Parks,Nature,Mountains,,Types
1206459491,EXPERIENCE,Fun_and_Games,Fun_and_Games,Movie Theaters,,Types
1530408137,EXPERIENCE,Tours,Tours,Movie & TV Tours,,Types
1721578335,EXPERIENCE,Tours,Tours,Multi-day Tours,,Types
362693231,EXPERIENCE,,Museums,Museums,,Types
552620785,EXPERIENCE,Activities,Museums,Museums,,Types
612524363,EXPERIENCE,Sights & Landmarks,History_and_Culture,Mysterious Sites,,Types
1144221723,EXPERIENCE,Nature & Parks,Nature,National Parks,,Types
527827178,EXPERIENCE,Museums,Museums,Natural History Museums,,Types
111744837,EXPERIENCE,,Nature,Nature & Parks,,Types
646718992,EXPERIENCE,,Parks,Nature & Parks,,Types
1206204132,EXPERIENCE,Nature & Parks,Nature,Nature & Wildlife Areas,,Types
1376011641,EXPERIENCE,Tours,Tours,Nature & Wildlife Tours,,Types
1664832522,EXPERIENCE,Sights & Landmarks,History_and_Culture,Neighborhoods,,Types
1932027042,EXPERIENCE,,Nightlife,Nightlife,,Types
778857297,EXPERIENCE,Tours,Tours,Night Tours,,Types
1151236668,EXPERIENCE,Sights & Landmarks,Scenic,Observation Decks & Towers,,Types
1974078127,EXPERIENCE,Museums,Museums,Observatories & Planetariums,,Types
484710750,EXPERIENCE,Outdoor Activities,Adventure,Off-Road & ATV Trails,,Types
421931458,EXPERIENCE,Spas & Wellness,Wellness,Onsen Resorts,,Types
850213040,EXPERIENCE,,Outdoors,Outdoor Activities,,Types
845238052,EXPERIENCE,Fun_and_Games,Artsy,Paint & Pottery Studios,,Types
2039246518,EXPERIENCE,Boat Tours & Water Sports,Adventure,Parasailing & Paragliding,,Types
259882278,EXPERIENCE,Nature & Parks,Parks,Parks,,Types
1500716165,EXPERIENCE,Activities,Parks,People watching,,Types
1950425915,EXPERIENCE,Tours,Tours,Photography Tours,,Types
311440301,EXPERIENCE,Activities,Artsy,Photoshoot,,Types
985547421,EXPERIENCE,Activities,Parks,Picnic,,Types
750997807,EXPERIENCE,Sights & Landmarks,Outdoors,Piers & Boardwalks,,Types
1523212733,EXPERIENCE,Nature & Parks,Family_Friendly,Playgrounds,,Types
2025615497,EXPERIENCE,Sights & Landmarks,History_and_Culture,Points of Interest & Landmarks,,Types
1149842692,EXPERIENCE,Tours,Tours,Private Tours,,Types
1800557621,EXPERIENCE,Tours,Tours,Rail Tours,,Types
921197314,EXPERIENCE,Transportation,History_and_Culture,Railways,,Types
1430944301,EXPERIENCE,Sights & Landmarks,Outdoors,Ranches,,Types
426380025,EXPERIENCE,Nature & Parks,Water,Reefs,,Types
124145276,EXPERIENCE,Fun_and_Games,Activities,Rides & Activities,,Types
1140744168,EXPERIENCE,Boat Tours & Water Sports,Adventure,River Rafting & Tubing,,Types
442527509,EXPERIENCE,Activities,Action Packed,Rock climbing,,Types
1275100294,EXPERIENCE,Activities,Adventure,Rock climbing,,Types
1392774647,EXPERIENCE,Activities,Outdoors,Rock climbing,,Types
403250533,EXPERIENCE,Spas & Wellness,History_and_Culture,Roman Baths,,Types
1173627529,EXPERIENCE,Fun_and_Games,Fun_and_Games,Room Escape Games,Escape the Room,Types
1285440353,EXPERIENCE,Tours,Tours,Running Tours,,Types
1983864847,EXPERIENCE,Sights & Landmarks,History_and_Culture,Sacred & Religious Sites,,Types
861434233,EXPERIENCE,Outdoor Activities,Adventure,Safaris,,Types
465126408,EXPERIENCE,Fun_and_Games,Fun_and_Games,Scavenger Hunts,,Types
1466520980,EXPERIENCE,Sights & Landmarks,Scenic Drives,Scenic Drives,,Types
356670118,EXPERIENCE,Tours,Scenic,Scenic Railroads,,Types
1164405298,EXPERIENCE,Outdoor Activities,Nature,Scenic Walking Areas,,Types
101546906,EXPERIENCE,Outdoor Activities,Scenic,Scenic Walking Areas,,Types
284952808,EXPERIENCE,Museums,Museums,Science Museums,,Types
1398937661,EXPERIENCE,Tours,Tours,Scooter & Moped Tours,,Types
307571087,EXPERIENCE,Activities,Action Packed,Scuba diving,,Types
1308375326,EXPERIENCE,Activities,Adventure,Scuba diving,,Types
1700744749,EXPERIENCE,Activities,Outdoors,Scuba diving,,Types
1457938363,EXPERIENCE,Activities,Water,Scuba diving,,Types
356609812,EXPERIENCE,Outdoor Activities,Adventure,Scuba & Snorkeling,,Types
1529248801,EXPERIENCE,Outdoor Activities,Water,Scuba & Snorkeling,,Types
784338353,EXPERIENCE,Tours,Tours,Segway Tours,,Types
1835801863,EXPERIENCE,Tours,Tours,Self-Guided Tours & Rentals,,Types
1477780056,EXPERIENCE,Outdoor Activities,Adventure,Shark Diving,,Types
1626813333,EXPERIENCE,Sights & Landmarks,History_and_Culture,Ships,,Types
1601848067,EXPERIENCE,Fun_and_Games,Fun_and_Games,Shooting Ranges,,Types
316231794,EXPERIENCE,,Shopping,Shopping,,Types
1598710173,EXPERIENCE,Shopping,Shopping,Shopping Malls,,Types
399274255,EXPERIENCE,Shopping,Tours,Shopping Tours,,Types
1875576447,EXPERIENCE,Tours,Tours,Sightseeing Tours,,Types
719460334,EXPERIENCE,,History_and_Culture,Sights & Landmarks,,Types
1917069074,EXPERIENCE,Activities,Outdoors,Skiing,,Types
652883082,EXPERIENCE,Nature & Parks,Snow,Ski & Snowboard Areas,,Types
1673545208,EXPERIENCE,Outdoor Activities,Snow,Ski & Snow Tours,,Types
783504660,EXPERIENCE,Tours,Adventure,Skydiving,,Types
459037312,EXPERIENCE,Activities,Adventure,Sky diving,,Types
1437625334,EXPERIENCE,Tours,Tours,Smartphone/app Tours,,Types
204438378,EXPERIENCE,Activities,Action Packed,Snorkeling,,Types
1765935259,EXPERIENCE,Activities,Adventure,Snorkeling,,Types
872946123,EXPERIENCE,Activities,Nature,Snorkeling,,Types
1563961697,EXPERIENCE,Activities,Outdoors,Snorkeling,,Types
214056591,EXPERIENCE,Activities,Water,Snorkeling,,Types
416440169,EXPERIENCE,Spas & Wellness,Wellness,Spas,,Types
702508275,EXPERIENCE,,Wellness,Spas & Wellness,,Types
128875971,EXPERIENCE,Museums,Museums,Specialty Museums,,Types
1067781458,EXPERIENCE,Tours,Tours,Speed Boats Tours,,Types
1517359845,EXPERIENCE,Outdoor Activities,Activities,Sports Camps & Clinics,,Types
303964679,EXPERIENCE,Fun_and_Games,Activities,Sports Complexes,,Types
1321743188,EXPERIENCE,Tours,Water,Stand-Up Paddleboarding,,Types
478298337,EXPERIENCE,Nature & Parks,Nature,State Parks,,Types
750276723,EXPERIENCE,Tours,Tours,Submarine Tours,,Types
249520458,EXPERIENCE,Tours,Action Packed,Surfing,,Types
1443264217,EXPERIENCE,Tours,Adventure,Surfing,,Types
1309410924,EXPERIENCE,Tours,Outdoors,Surfing,,Types
139270079,EXPERIENCE,Tours,Water,Surfing,,Types
1918379182,EXPERIENCE,Tours,With_Friends,Surfing,,Types
962475034,EXPERIENCE,Boat Tours & Water Sports,Action Packed,"Surfing, Windsurfing & Kitesurfing",,Types
1428178376,EXPERIENCE,Boat Tours & Water Sports,Adventure,"Surfing, Windsurfing & Kitesurfing",,Types
49564340,EXPERIENCE,Boat Tours & Water Sports,Outdoors,"Surfing, Windsurfing & Kitesurfing",,Types
1240685088,EXPERIENCE,Boat Tours & Water Sports,Water,"Surfing, Windsurfing & Kitesurfing",,Types
1719626710,EXPERIENCE,Outdoor Activities,Action Packed,"Surfing, Windsurfing & Kitesurfing",,Types
796687174,EXPERIENCE,Outdoor Activities,Adventure,"Surfing, Windsurfing & Kitesurfing",,Types
2138572841,EXPERIENCE,Outdoor Activities,Outdoors,"Surfing, Windsurfing & Kitesurfing",,Types
945691027,EXPERIENCE,Outdoor Activities,Water,"Surfing, Windsurfing & Kitesurfing",,Types
1408444739,EXPERIENCE,Tours,Action Packed,"Surfing, Windsurfing & Kitesurfing",,Types
1043742269,EXPERIENCE,Tours,Adventure,"Surfing, Windsurfing & Kitesurfing",,Types
2022854575,EXPERIENCE,Tours,Outdoors,"Surfing, Windsurfing & Kitesurfing",,Types
313286495,EXPERIENCE,Tours,Water,"Surfing, Windsurfing & Kitesurfing",,Types
1489005773,EXPERIENCE,Activities,Water,Swimming,,Types
949255587,EXPERIENCE,Tours,Adventure,Swim with Dolphins,,Types
969280850,EXPERIENCE,Tours,Family_Friendly,Swim with Dolphins,,Types
1355158234,EXPERIENCE,Tours,Nature,Swim with Dolphins,,Types
1054155689,EXPERIENCE,Tours,Water,Swim with Dolphins,,Types
1543582580,EXPERIENCE,Transportation,Tours,Taxis & Shuttles,,Types
803229781,EXPERIENCE,Water & Amusement Parks,Fun_and_Games,Theme Park,,Types
285172090,EXPERIENCE,Spas & Wellness,Wellness,Thermal Spas,,Types
1479767754,EXPERIENCE,,Tours,Tours,,Types
1051400033,EXPERIENCE,Transportation,Tours,Tramways,,Types
1074668799,EXPERIENCE,,History_and_Culture,Transportation,,Types
58078286,EXPERIENCE,,Tours,Traveler Resources,,Types
511331059,EXPERIENCE,Activities,Tours,Trip,,Types
1609456192,EXPERIENCE,Sights & Landmarks,History_and_Culture,Universities & Schools,,Types
1763535828,EXPERIENCE,Nature & Parks,Nature,Valleys,,Types
1580890342,EXPERIENCE,Tours,Adventure,Vespa,,Types
1242433607,EXPERIENCE,Tours,Outdoors,Vespa,,Types
444471797,EXPERIENCE,Tours,Tours,"Vespa, Scooter & Moped Tours",,Types
850804307,EXPERIENCE,Fun_and_Games,Fun_and_Games,Virtual Reality,,Types
1553092601,EXPERIENCE,Nature & Parks,Nature,Volcanos,,Types
654073001,EXPERIENCE,Activities,Outdoors,Walking,,Types
1239313503,EXPERIENCE,Tours,Tours,Walking Tours,,Types
199916993,EXPERIENCE,,Fun_and_Games,Water & Amusement Parks,,Types
721879742,EXPERIENCE,Nature & Parks,Nature,Waterfalls,,Types
1669927466,EXPERIENCE,Water & Amusement Parks,Fun_and_Games,Water Park,,Types
217326554,EXPERIENCE,Boat Tours & Water Sports,Action Packed,Waterskiing & Jetskiing,,Types
1539060598,EXPERIENCE,Boat Tours & Water Sports,Adventure,Waterskiing & Jetskiing,,Types
538853408,EXPERIENCE,Boat Tours & Water Sports,Outdoors,Waterskiing & Jetskiing,,Types
1268208084,EXPERIENCE,Boat Tours & Water Sports,Water,Waterskiing & Jetskiing,,Types
48193865,EXPERIENCE,Boat Tours & Water Sports,Action Packed,Water Sports,,Types
1641510458,EXPERIENCE,Boat Tours & Water Sports,Adventure,Water Sports,,Types
307759027,EXPERIENCE,Boat Tours & Water Sports,Outdoors,Water Sports,,Types
1665353038,EXPERIENCE,Tours,Action Packed,Windsurfing & Kitesurfing,,Types
808733213,EXPERIENCE,Tours,Adventure,Windsurfing & Kitesurfing,,Types
2063489955,EXPERIENCE,Tours,Outdoors,Windsurfing & Kitesurfing,,Types
718367540,EXPERIENCE,Tours,Water,Windsurfing & Kitesurfing,,Types
235108361,EXPERIENCE,Nightlife,Food_and_Drink,Wine Bars,,Types
111872409,EXPERIENCE,Food_and_Drink,Food_and_Drink,Wineries & Vineyards,,Types
904337719,EXPERIENCE,Food_and_Drink,Food_and_Drink,Wine Tours & Tastings,,Types
2137403073,EXPERIENCE,Food_and_Drink,Tours,Wine Tours & Tastings,,Types
1581072277,EXPERIENCE,Tours,Food_and_Drink,Wine Tours & Tastings,,Types
250367787,EXPERIENCE,Tours,Tours,Wine Tours & Tastings,,Types
487222669,EXPERIENCE,Spas & Wellness,Wellness,Yoga & Pilates,,Types
509705695,EXPERIENCE,Nature & Parks,Adventure,Zipline & Aerial Adventure Parks,,Types
1595736652,EXPERIENCE,Zoos & Aquariums,Nature,Zoos,,Types
346624894,EXPERIENCE,,Nature,Zoos & Aquariums,,Types
316679146,EXPERIENCE,Tours,Nightlife,Bar,,Types
1726300514,EXPERIENCE,,Adventure,4WD,,Types
1737445812,EXPERIENCE,,Luxury,Accommodation Type,,Types
1498506808,EXPERIENCE,,Luxury,Airport Lounges,,Types
1402631844,EXPERIENCE,,Adventure,ATV & Off-Road Tours,,Types
184485783,EXPERIENCE,,Tours,Club & Pub Tours,,Types
2104955905,EXPERIENCE,,Business,Conference & Convention Centers,,Types
362826431,EXPERIENCE,,History_and_Culture,Libraries,,Types
109059602,EXPERIENCE,,Food_and_Drink,Coffee/Tea available,,Types